{
    "total_runtime": 5.1510329246521,
    "num_documents": 2,
    "input_load_time": 0,
    "workflows": {
        "create_base_text_units": {
            "overall": 0.2519562244415283,
            "0_orderby": 0.002551555633544922,
            "1_zip": 0.00594329833984375,
            "2_aggregate_override": 0.006451129913330078,
            "3_chunk": 0.18294525146484375,
            "4_select": 0.003338336944580078,
            "5_unroll": 0.00587916374206543,
            "6_rename": 0.005035400390625,
            "7_genid": 0.004040718078613281,
            "8_unzip": 0.01196908950805664,
            "9_copy": 0.004274606704711914,
            "10_filter": 0.01753830909729004
        },
        "create_base_extracted_entities": {
            "overall": 0.12697577476501465,
            "0_entity_extract": 0.09869933128356934,
            "1_merge_graphs": 0.02377033233642578
        },
        "create_summarized_entities": {
            "overall": 0.022561073303222656,
            "0_summarize_descriptions": 0.017255783081054688
        },
        "create_base_entity_graph": {
            "overall": 0.10873222351074219,
            "0_cluster_graph": 0.09681820869445801,
            "1_select": 0.006275653839111328
        },
        "create_final_entities": {
            "overall": 0.17984485626220703,
            "0_unpack_graph": 0.00719904899597168,
            "1_rename": 0.006608247756958008,
            "2_select": 0.007042884826660156,
            "3_dedupe": 0.00706171989440918,
            "4_rename": 0.007157802581787109,
            "5_filter": 0.017607688903808594,
            "6_text_split": 0.00782155990600586,
            "7_drop": 0.007802486419677734,
            "8_merge": 0.00936436653137207,
            "9_text_embed": 0.06706070899963379,
            "10_drop": 0.00874018669128418,
            "11_filter": 0.019965171813964844
        },
        "create_final_nodes": {
            "overall": 0.1858663558959961,
            "0_layout_graph": 0.03083491325378418,
            "1_unpack_graph": 0.015432596206665039,
            "2_unpack_graph": 0.01412653923034668,
            "3_drop": 0.010234594345092773,
            "4_filter": 0.022823333740234375,
            "5_select": 0.01011347770690918,
            "6_rename": 0.010504961013793945,
            "7_convert": 0.03549695014953613,
            "8_join": 0.0157015323638916,
            "9_rename": 0.011472463607788086
        },
        "create_final_communities": {
            "overall": 0.25223851203918457,
            "0_unpack_graph": 0.011857271194458008,
            "1_unpack_graph": 0.012148857116699219,
            "2_aggregate_override": 0.013563156127929688,
            "3_join": 0.016826152801513672,
            "4_join": 0.016573429107666016,
            "5_concat": 0.02317357063293457,
            "6_filter": 0.028615951538085938,
            "7_aggregate_override": 0.014819145202636719,
            "8_join": 0.017388582229614258,
            "9_filter": 0.03018498420715332,
            "10_fill": 0.013269901275634766,
            "11_merge": 0.014348268508911133,
            "12_copy": 0.01386260986328125,
            "13_select": 0.014311790466308594
        },
        "join_text_units_to_entity_ids": {
            "overall": 0.062392234802246094,
            "0_select": 0.014741897583007812,
            "1_unroll": 0.01554250717163086,
            "2_aggregate_override": 0.01781487464904785
        },
        "create_final_relationships": {
            "overall": 0.20065879821777344,
            "0_unpack_graph": 0.016058921813964844,
            "1_filter": 0.03357744216918945,
            "2_rename": 0.0157625675201416,
            "3_filter": 0.03410816192626953,
            "4_drop": 0.016081809997558594,
            "5_compute_edge_combined_degree": 0.01910567283630371,
            "6_convert": 0.03429841995239258,
            "7_convert": 0.01665949821472168
        },
        "join_text_units_to_relationship_ids": {
            "overall": 0.09009742736816406,
            "0_select": 0.01745295524597168,
            "1_unroll": 0.018187761306762695,
            "2_aggregate_override": 0.019135713577270508,
            "3_select": 0.01793837547302246
        },
        "create_final_community_reports": {
            "overall": 0.215789794921875,
            "0_prepare_community_reports_nodes": 0.01936483383178711,
            "1_prepare_community_reports_edges": 0.01903080940246582,
            "2_restore_community_hierarchy": 0.02111220359802246,
            "3_prepare_community_reports": 0.044332265853881836,
            "4_create_community_reports": 0.07275223731994629,
            "5_window": 0.02052021026611328
        },
        "create_final_text_units": {
            "overall": 0.15143227577209473,
            "0_select": 0.019952774047851562,
            "1_rename": 0.019801616668701172,
            "2_join": 0.024399280548095703,
            "3_join": 0.024628400802612305,
            "4_aggregate_override": 0.02231431007385254,
            "5_select": 0.02052140235900879
        },
        "create_base_documents": {
            "overall": 0.25276994705200195,
            "0_unroll": 0.022207021713256836,
            "1_select": 0.021392345428466797,
            "2_rename": 0.021451473236083984,
            "3_join": 0.02710723876953125,
            "4_aggregate_override": 0.023192167282104492,
            "5_join": 0.025911808013916016,
            "6_rename": 0.022292375564575195,
            "7_convert": 0.06812453269958496
        },
        "create_final_documents": {
            "overall": 0.04617571830749512,
            "0_rename": 0.023375511169433594
        }
    }
}