{
    "total_runtime": 5.140939712524414,
    "num_documents": 2,
    "input_load_time": 0,
    "workflows": {
        "create_base_text_units": {
            "overall": 0.245072603225708,
            "0_orderby": 0.003002166748046875,
            "1_zip": 0.01304936408996582,
            "2_aggregate_override": 0.0056226253509521484,
            "3_chunk": 0.17727231979370117,
            "4_select": 0.003320455551147461,
            "5_unroll": 0.006005287170410156,
            "6_rename": 0.0035774707794189453,
            "7_genid": 0.0050852298736572266,
            "8_unzip": 0.005686521530151367,
            "9_copy": 0.003939628601074219,
            "10_filter": 0.01646590232849121
        },
        "create_base_extracted_entities": {
            "overall": 0.10424542427062988,
            "0_entity_extract": 0.0919642448425293,
            "1_merge_graphs": 0.007725238800048828
        },
        "create_summarized_entities": {
            "overall": 0.039670467376708984,
            "0_summarize_descriptions": 0.034506797790527344
        },
        "create_base_entity_graph": {
            "overall": 0.0673513412475586,
            "0_cluster_graph": 0.055576324462890625,
            "1_select": 0.0062255859375
        },
        "create_final_entities": {
            "overall": 0.15641450881958008,
            "0_unpack_graph": 0.007064342498779297,
            "1_rename": 0.00655817985534668,
            "2_select": 0.006916522979736328,
            "3_dedupe": 0.009073972702026367,
            "4_rename": 0.0071299076080322266,
            "5_filter": 0.017385005950927734,
            "6_text_split": 0.007776737213134766,
            "7_drop": 0.007931232452392578,
            "8_merge": 0.009935379028320312,
            "9_text_embed": 0.04204750061035156,
            "10_drop": 0.00853872299194336,
            "11_filter": 0.019688129425048828
        },
        "create_final_nodes": {
            "overall": 0.1988976001739502,
            "0_layout_graph": 0.032735586166381836,
            "1_unpack_graph": 0.010236740112304688,
            "2_unpack_graph": 0.010214567184448242,
            "3_drop": 0.030030012130737305,
            "4_filter": 0.022336483001708984,
            "5_select": 0.010010957717895508,
            "6_rename": 0.014418363571166992,
            "7_convert": 0.03370785713195801,
            "8_join": 0.015000104904174805,
            "9_rename": 0.010947227478027344
        },
        "create_final_communities": {
            "overall": 0.23998284339904785,
            "0_unpack_graph": 0.012141704559326172,
            "1_unpack_graph": 0.012317657470703125,
            "2_aggregate_override": 0.013713836669921875,
            "3_join": 0.01663970947265625,
            "4_join": 0.01651906967163086,
            "5_concat": 0.012400150299072266,
            "6_filter": 0.028407573699951172,
            "7_aggregate_override": 0.014733314514160156,
            "8_join": 0.016957998275756836,
            "9_filter": 0.029544353485107422,
            "10_fill": 0.013139724731445312,
            "11_merge": 0.014150619506835938,
            "12_copy": 0.01368403434753418,
            "13_select": 0.01413726806640625
        },
        "join_text_units_to_entity_ids": {
            "overall": 0.060858964920043945,
            "0_select": 0.0146636962890625,
            "1_unroll": 0.015614748001098633,
            "2_aggregate_override": 0.016328096389770508
        },
        "create_final_relationships": {
            "overall": 0.21651077270507812,
            "0_unpack_graph": 0.01599287986755371,
            "1_filter": 0.03388261795043945,
            "2_rename": 0.02083897590637207,
            "3_filter": 0.044946908950805664,
            "4_drop": 0.016046762466430664,
            "5_compute_edge_combined_degree": 0.019324779510498047,
            "6_convert": 0.03336691856384277,
            "7_convert": 0.016781330108642578
        },
        "join_text_units_to_relationship_ids": {
            "overall": 0.09251165390014648,
            "0_select": 0.01747584342956543,
            "1_unroll": 0.020793914794921875,
            "2_aggregate_override": 0.01915907859802246,
            "3_select": 0.017952442169189453
        },
        "create_final_community_reports": {
            "overall": 0.2038562297821045,
            "0_prepare_community_reports_nodes": 0.019153594970703125,
            "1_prepare_community_reports_edges": 0.018998384475708008,
            "2_restore_community_hierarchy": 0.026067495346069336,
            "3_prepare_community_reports": 0.04715919494628906,
            "4_create_community_reports": 0.05435013771057129,
            "5_window": 0.019902944564819336
        },
        "create_final_text_units": {
            "overall": 0.16751432418823242,
            "0_select": 0.019952774047851562,
            "1_rename": 0.03543901443481445,
            "2_join": 0.024588346481323242,
            "3_join": 0.024688005447387695,
            "4_aggregate_override": 0.022472381591796875,
            "5_select": 0.020706653594970703
        },
        "create_base_documents": {
            "overall": 0.25560760498046875,
            "0_unroll": 0.022492170333862305,
            "1_select": 0.021704912185668945,
            "2_rename": 0.021799802780151367,
            "3_join": 0.02581000328063965,
            "4_aggregate_override": 0.023259639739990234,
            "5_join": 0.028561830520629883,
            "6_rename": 0.022438764572143555,
            "7_convert": 0.06839323043823242
        },
        "create_final_documents": {
            "overall": 0.04658937454223633,
            "0_rename": 0.023313283920288086
        }
    }
}