{
    "total_runtime": 3.992824077606201,
    "num_documents": 2,
    "input_load_time": 0,
    "workflows": {
        "create_base_text_units": {
            "overall": 0.3491344451904297,
            "0_orderby": 0.006035804748535156,
            "1_zip": 0.004664897918701172,
            "2_aggregate_override": 0.007712602615356445,
            "3_chunk": 0.21740198135375977,
            "4_select": 0.000881195068359375,
            "5_unroll": 0.03368687629699707,
            "6_rename": 0.0005028247833251953,
            "7_genid": 0.004980802536010742,
            "8_unzip": 0.005277156829833984,
            "9_copy": 0.0038945674896240234,
            "10_filter": 0.06369161605834961
        },
        "create_base_extracted_entities": {
            "overall": 0.25589847564697266,
            "0_entity_extract": 0.252535343170166,
            "1_merge_graphs": 0.003147602081298828
        },
        "create_summarized_entities": {
            "overall": 0.07536983489990234,
            "0_summarize_descriptions": 0.0751810073852539
        },
        "create_base_entity_graph": {
            "overall": 0.14554786682128906,
            "0_cluster_graph": 0.14473462104797363,
            "1_select": 0.0006015300750732422
        },
        "create_final_entities": {
            "overall": 0.1460256576538086,
            "0_unpack_graph": 0.0012633800506591797,
            "1_rename": 0.0034384727478027344,
            "2_select": 0.004265546798706055,
            "3_dedupe": 0.0038950443267822266,
            "4_rename": 0.004369974136352539,
            "5_filter": 0.009626388549804688,
            "6_text_split": 0.002146482467651367,
            "7_drop": 0.004172086715698242,
            "8_merge": 0.005286693572998047,
            "9_text_embed": 0.09899377822875977,
            "10_drop": 0.0005381107330322266,
            "11_filter": 0.00769805908203125
        },
        "create_final_nodes": {
            "overall": 0.14490342140197754,
            "0_layout_graph": 0.07127976417541504,
            "1_unpack_graph": 0.001272439956665039,
            "2_unpack_graph": 0.010640382766723633,
            "3_filter": 0.005930423736572266,
            "4_drop": 0.0019483566284179688,
            "5_select": 0.006279945373535156,
            "6_rename": 0.003965616226196289,
            "7_convert": 0.03755521774291992,
            "8_join": 0.005156278610229492,
            "9_rename": 0.0005490779876708984
        },
        "create_final_communities": {
            "overall": 0.0964045524597168,
            "0_unpack_graph": 0.0013120174407958984,
            "1_unpack_graph": 0.004700422286987305,
            "2_aggregate_override": 0.04698777198791504,
            "3_join": 0.005197048187255859,
            "4_join": 0.004801034927368164,
            "5_concat": 0.0005068778991699219,
            "6_filter": 0.005295276641845703,
            "7_aggregate_override": 0.0025053024291992188,
            "8_join": 0.004467010498046875,
            "9_filter": 0.003575563430786133,
            "10_fill": 0.0003898143768310547,
            "11_merge": 0.0031442642211914062,
            "12_copy": 0.008847475051879883,
            "13_select": 0.004248619079589844
        },
        "join_text_units_to_entity_ids": {
            "overall": 0.020567893981933594,
            "0_select": 0.01111745834350586,
            "1_unroll": 0.005108833312988281,
            "2_aggregate_override": 0.004119157791137695
        },
        "create_final_relationships": {
            "overall": 0.05965399742126465,
            "0_unpack_graph": 0.0012264251708984375,
            "1_filter": 0.006902456283569336,
            "2_rename": 0.0015938282012939453,
            "3_filter": 0.006617546081542969,
            "4_drop": 0.004479885101318359,
            "5_compute_edge_combined_degree": 0.03199505805969238,
            "6_convert": 0.0005753040313720703,
            "7_convert": 0.005959510803222656
        },
        "join_text_units_to_relationship_ids": {
            "overall": 0.022391080856323242,
            "0_select": 0.0006902217864990234,
            "1_unroll": 0.013012170791625977,
            "2_aggregate_override": 0.005807638168334961,
            "3_select": 0.0026543140411376953
        },
        "create_final_community_reports": {
            "overall": 0.19790935516357422,
            "0_prepare_community_reports_nodes": 0.0011713504791259766,
            "1_prepare_community_reports_edges": 0.005017757415771484,
            "2_restore_community_hierarchy": 0.005097866058349609,
            "3_prepare_community_reports": 0.024132966995239258,
            "4_create_community_reports": 0.16154789924621582,
            "5_window": 0.0006368160247802734
        },
        "create_final_text_units": {
            "overall": 0.02431178092956543,
            "0_select": 0.0006687641143798828,
            "1_rename": 0.00408482551574707,
            "2_join": 0.008124113082885742,
            "3_join": 0.004801511764526367,
            "4_aggregate_override": 0.005740165710449219,
            "5_select": 0.000583648681640625
        },
        "create_base_documents": {
            "overall": 0.037897586822509766,
            "0_unroll": 0.0017476081848144531,
            "1_select": 0.0028541088104248047,
            "2_rename": 0.003669261932373047,
            "3_join": 0.007147789001464844,
            "4_aggregate_override": 0.001734018325805664,
            "5_join": 0.0074040889739990234,
            "6_rename": 0.006383657455444336,
            "7_convert": 0.006655693054199219
        },
        "create_final_documents": {
            "overall": 0.0007252693176269531,
            "0_rename": 0.0005402565002441406
        }
    }
}