{
    "total_runtime": 8.931649208068848,
    "num_documents": 2,
    "input_load_time": 0,
    "workflows": {
        "create_base_text_units": {
            "overall": 0.22804021835327148,
            "0_orderby": 0.005652904510498047,
            "1_zip": 0.004065990447998047,
            "2_aggregate_override": 0.008748054504394531,
            "3_chunk": 0.17539215087890625,
            "4_select": 0.000888824462890625,
            "5_unroll": 0.0055828094482421875,
            "6_rename": 0.002574920654296875,
            "7_genid": 0.00507354736328125,
            "8_unzip": 0.0036907196044921875,
            "9_copy": 0.005452871322631836,
            "10_filter": 0.010170459747314453
        },
        "create_base_extracted_entities": {
            "overall": 0.07739925384521484,
            "0_entity_extract": 0.0600588321685791,
            "1_merge_graphs": 0.0030236244201660156,
            "2_snapshot_rows": 0.014032125473022461
        },
        "create_summarized_entities": {
            "overall": 0.03958892822265625,
            "0_summarize_descriptions": 0.024925708770751953,
            "1_snapshot_rows": 0.014419794082641602
        },
        "create_base_entity_graph": {
            "overall": 0.2524998188018799,
            "0_cluster_graph": 0.021198511123657227,
            "1_snapshot_rows": 0.014196395874023438,
            "2_embed_graph": 0.19185972213745117,
            "3_snapshot_rows": 0.024206161499023438,
            "4_select": 0.0007665157318115234
        },
        "create_final_entities": {
            "overall": 0.11220216751098633,
            "0_unpack_graph": 0.0014040470123291016,
            "1_rename": 0.005227088928222656,
            "2_select": 0.005463361740112305,
            "3_dedupe": 0.008831501007080078,
            "4_rename": 0.009595155715942383,
            "5_filter": 0.010843038558959961,
            "6_text_split": 0.003922224044799805,
            "7_drop": 0.008143186569213867,
            "8_merge": 0.011362075805664062,
            "9_text_embed": 0.037409067153930664,
            "10_drop": 0.0005371570587158203,
            "11_filter": 0.00906991958618164
        },
        "create_final_nodes": {
            "overall": 5.052193880081177,
            "0_layout_graph": 4.994880199432373,
            "1_unpack_graph": 0.0017554759979248047,
            "2_unpack_graph": 0.005623340606689453,
            "3_filter": 0.009309530258178711,
            "4_drop": 0.0012226104736328125,
            "5_select": 0.004514217376708984,
            "6_rename": 0.016844749450683594,
            "7_convert": 0.00912332534790039,
            "8_join": 0.0079193115234375,
            "9_rename": 0.0005950927734375
        },
        "create_final_communities": {
            "overall": 0.1172952651977539,
            "0_unpack_graph": 0.007046699523925781,
            "1_unpack_graph": 0.00843191146850586,
            "2_aggregate_override": 0.005611896514892578,
            "3_join": 0.00977015495300293,
            "4_join": 0.007706642150878906,
            "5_concat": 0.007012367248535156,
            "6_filter": 0.009608268737792969,
            "7_aggregate_override": 0.007572650909423828,
            "8_join": 0.014264345169067383,
            "9_filter": 0.005502462387084961,
            "10_fill": 0.0068607330322265625,
            "11_merge": 0.007773876190185547,
            "12_copy": 0.004292726516723633,
            "13_select": 0.015419960021972656
        },
        "join_text_units_to_entity_ids": {
            "overall": 0.018848657608032227,
            "0_select": 0.00066375732421875,
            "1_unroll": 0.010904073715209961,
            "2_aggregate_override": 0.00702214241027832
        },
        "create_final_relationships": {
            "overall": 0.05391192436218262,
            "0_unpack_graph": 0.0035552978515625,
            "1_filter": 0.006895780563354492,
            "2_rename": 0.00165557861328125,
            "3_filter": 0.007835865020751953,
            "4_drop": 0.002721548080444336,
            "5_compute_edge_combined_degree": 0.009088277816772461,
            "6_convert": 0.013595104217529297,
            "7_convert": 0.008265256881713867
        },
        "join_text_units_to_relationship_ids": {
            "overall": 0.018096923828125,
            "0_select": 0.0006625652313232422,
            "1_unroll": 0.00637507438659668,
            "2_aggregate_override": 0.005486488342285156,
            "3_select": 0.005345821380615234
        },
        "create_final_community_reports": {
            "overall": 0.05982351303100586,
            "0_prepare_community_reports_nodes": 0.0011773109436035156,
            "1_prepare_community_reports_edges": 0.009900808334350586,
            "2_restore_community_hierarchy": 0.005937337875366211,
            "3_prepare_community_reports": 0.024656295776367188,
            "4_create_community_reports": 0.017290830612182617,
            "5_window": 0.0005631446838378906
        },
        "create_final_text_units": {
            "overall": 0.06811285018920898,
            "0_select": 0.028117895126342773,
            "1_rename": 0.007050752639770508,
            "2_join": 0.009986400604248047,
            "3_join": 0.007605552673339844,
            "4_aggregate_override": 0.010312318801879883,
            "5_select": 0.0047414302825927734
        },
        "create_base_documents": {
            "overall": 0.05385756492614746,
            "0_unroll": 0.0019037723541259766,
            "1_select": 0.005264997482299805,
            "2_rename": 0.0050868988037109375,
            "3_join": 0.012908220291137695,
            "4_aggregate_override": 0.0031647682189941406,
            "5_join": 0.00992131233215332,
            "6_rename": 0.003186464309692383,
            "7_convert": 0.01213693618774414
        },
        "create_final_documents": {
            "overall": 0.0016541481018066406,
            "0_rename": 0.0014655590057373047
        }
    }
}