{
    "total_runtime": 248.3343949317932,
    "num_documents": 2,
    "input_load_time": 0,
    "workflows": {
        "create_base_text_units": {
            "overall": 0.3129599094390869,
            "0_orderby": 0.013283967971801758,
            "1_zip": 0.012318134307861328,
            "2_aggregate_override": 0.008308172225952148,
            "3_chunk": 0.1933441162109375,
            "4_select": 0.003326892852783203,
            "5_unroll": 0.006918668746948242,
            "6_rename": 0.004932880401611328,
            "7_genid": 0.02990889549255371,
            "8_unzip": 0.012508392333984375,
            "9_copy": 0.010846376419067383,
            "10_filter": 0.015238523483276367
        },
        "create_base_extracted_entities": {
            "overall": 223.1152367591858,
            "0_entity_extract": 223.10089826583862,
            "1_merge_graphs": 0.009799957275390625
        },
        "create_summarized_entities": {
            "overall": 0.03222322463989258,
            "0_summarize_descriptions": 0.027215957641601562
        },
        "create_base_entity_graph": {
            "overall": 0.2641477584838867,
            "0_cluster_graph": 0.25257015228271484,
            "1_select": 0.006079435348510742
        },
        "create_final_entities": {
            "overall": 15.272076606750488,
            "0_unpack_graph": 0.007045269012451172,
            "1_rename": 0.012018442153930664,
            "2_select": 0.006891489028930664,
            "3_dedupe": 0.007000446319580078,
            "4_rename": 0.007025718688964844,
            "5_filter": 0.017250776290893555,
            "6_text_split": 0.007805347442626953,
            "7_drop": 0.00783085823059082,
            "8_merge": 0.008882284164428711,
            "9_text_embed": 15.154170751571655,
            "10_drop": 0.00892782211303711,
            "11_filter": 0.020985841751098633
        },
        "create_final_nodes": {
            "overall": 0.3863837718963623,
            "0_layout_graph": 0.1158897876739502,
            "1_unpack_graph": 0.010185480117797852,
            "2_unpack_graph": 0.010262489318847656,
            "3_filter": 0.022134780883789062,
            "4_drop": 0.009931325912475586,
            "5_select": 0.010197162628173828,
            "6_rename": 0.01016855239868164,
            "7_convert": 0.12471175193786621,
            "8_join": 0.053160667419433594,
            "9_rename": 0.010941028594970703
        },
        "create_final_communities": {
            "overall": 0.4585449695587158,
            "0_unpack_graph": 0.015813589096069336,
            "1_unpack_graph": 0.01664900779724121,
            "2_aggregate_override": 0.0905914306640625,
            "3_join": 0.02687692642211914,
            "4_join": 0.03193163871765137,
            "5_concat": 0.01794266700744629,
            "6_filter": 0.07365036010742188,
            "7_aggregate_override": 0.023728609085083008,
            "8_join": 0.02696681022644043,
            "9_filter": 0.045470476150512695,
            "10_fill": 0.014708995819091797,
            "11_merge": 0.0149993896484375,
            "12_copy": 0.01994156837463379,
            "13_select": 0.026383399963378906
        },
        "join_text_units_to_entity_ids": {
            "overall": 0.061612606048583984,
            "0_select": 0.014848470687866211,
            "1_unroll": 0.015817642211914062,
            "2_aggregate_override": 0.01632857322692871
        },
        "create_final_relationships": {
            "overall": 0.22274208068847656,
            "0_unpack_graph": 0.01607656478881836,
            "1_filter": 0.033915042877197266,
            "2_rename": 0.015664100646972656,
            "3_filter": 0.03444862365722656,
            "4_drop": 0.016168832778930664,
            "5_compute_edge_combined_degree": 0.04091286659240723,
            "6_convert": 0.033504486083984375,
            "7_convert": 0.016742229461669922
        },
        "join_text_units_to_relationship_ids": {
            "overall": 0.1386425495147705,
            "0_select": 0.017576932907104492,
            "1_unroll": 0.023642539978027344,
            "2_aggregate_override": 0.06148481369018555,
            "3_select": 0.018244028091430664
        },
        "create_final_community_reports": {
            "overall": 4.550328254699707,
            "0_prepare_community_reports_nodes": 0.01925373077392578,
            "1_prepare_community_reports_edges": 0.01910090446472168,
            "2_restore_community_hierarchy": 0.020973682403564453,
            "3_prepare_community_reports": 0.09565162658691406,
            "4_create_community_reports": 4.356135845184326,
            "5_window": 0.020900249481201172
        },
        "create_final_text_units": {
            "overall": 0.20980000495910645,
            "0_select": 0.02006673812866211,
            "1_rename": 0.025298118591308594,
            "2_join": 0.04223299026489258,
            "3_join": 0.02865767478942871,
            "4_aggregate_override": 0.05256152153015137,
            "5_select": 0.021161794662475586
        },
        "create_base_documents": {
            "overall": 0.25519371032714844,
            "0_unroll": 0.02291131019592285,
            "1_select": 0.021544933319091797,
            "2_rename": 0.021699190139770508,
            "3_join": 0.025751829147338867,
            "4_aggregate_override": 0.02434682846069336,
            "5_join": 0.02629828453063965,
            "6_rename": 0.022813081741333008,
            "7_convert": 0.06864500045776367
        },
        "create_final_documents": {
            "overall": 0.0466914176940918,
            "0_rename": 0.023415565490722656
        }
    }
}